period,vintage,value,label,preliminary
2010-01,2026-09-21,13.9083,,
2010-02,2026-09-21,14.175,,
2010-03,2026-09-21,14.7083,,
2010-04,2026-09-21,14.4083,,
2010-05,2026-09-21,14.675,,
2010-06,2026-09-21,13.95,,
2010-07,2026-09-21,13.4417,,
2010-08,2026-09-21,13.3583,,
2010-09,2026-09-21,13.0167,,
2010-10,2026-09-21,13.075,,
2010-11,2026-09-21,13.2,,
2010-12,2026-09-21,12.9,,
2011-01,2026-09-21,12.825,,
2011-02,2026-09-21,12.55,,
2011-03,2026-09-21,12.0917,,
2011-04,2026-09-21,12.1417,,
2011-05,2026-09-21,11.9167,,
2011-06,2026-09-21,12.075,,
2011-07,2026-09-21,11.8083,,
2011-08,2026-09-21,11.6083,,
2011-09,2026-09-21,11.3417,,
2011-10,2026-09-21,11.3583,,
2011-11,2026-09-21,11.0917,,
2011-12,2026-09-21,10.6833,,
2012-01,2026-09-21,10.775,,
2012-02,2026-09-21,11.4833,,
2012-03,2026-09-21,12.025,,
2012-04,2026-09-21,12.2833,,
2012-05,2026-09-21,12.1833,,
2012-06,2026-09-21,11.9917,,
2012-07,2026-09-21,11.5667,,
2012-08,2026-09-21,11.8917,,
2012-09,2026-09-21,11.95,,
2012-10,2026-09-21,12.225,,
2012-11,2026-09-21,12.6,,
2012-12,2026-09-21,13.2,,
2013-01,2026-09-21,13.95,,
2013-02,2026-09-21,13.3333,,
2013-03,2026-09-21,12.6583,,
2013-04,2026-09-21,11.95,,
2013-05,2026-09-21,11.55,,
2013-06,2026-09-21,11.2583,,
2013-07,2026-09-21,11.6083,,
2013-08,2026-09-21,11.1083,,
2013-09,2026-09-21,10.5917,,
2013-10,2026-09-21,10.3083,,
2013-11,2026-09-21,10.3,,
2013-12,2026-09-21,9.6167,,
2014-01,2026-09-21,8.6833,,
2014-02,2026-09-21,8.4333,,
2014-03,2026-09-21,8.375,,
2014-04,2026-09-21,8.3333,,
2014-05,2026-09-21,8.25,,
2014-06,2026-09-21,8.1,,
2014-07,2026-09-21,7.5333,,
2014-08,2026-09-21,7.3833,,
2014-09,2026-09-21,7.6417,,
2014-10,2026-09-21,7.1917,,
2014-11,2026-09-21,6.75,,
2014-12,2026-09-21,7.075,,
2015-01,2026-09-21,7.0583,,
2015-02,2026-09-21,7.1667,,
2015-03,2026-09-21,6.8333,,
2015-04,2026-09-21,6.2833,,
2015-05,2026-09-21,5.9333,,
2015-06,2026-09-21,5.875,,
2015-07,2026-09-21,6.2667,,
2015-08,2026-09-21,6.6167,,
2015-09,2026-09-21,6.5417,,
2015-10,2026-09-21,6.5333,,
2015-11,2026-09-21,6.2,,
2015-12,2026-09-21,5.5417,,
2016-01,2026-09-21,5.325,,
2016-02,2026-09-21,4.9917,,
2016-03,2026-09-21,5.3083,,
2016-04,2026-09-21,5.6083,,
2016-05,2026-09-21,6.1167,,
2016-06,2026-09-21,6.4333,,
2016-07,2026-09-21,6.6417,,
2016-08,2026-09-21,6.425,,
2016-09,2026-09-21,6.6917,,
2016-10,2026-09-21,6.7167,,
2016-11,2026-09-21,7.3083,,
2016-12,2026-09-21,7.3083,,
2017-01,2026-09-21,7.075,,
2017-02,2026-09-21,6.8167,,
2017-03,2026-09-21,6.2833,,
2017-04,2026-09-21,6.5417,,
2017-05,2026-09-21,6.2583,,
2017-06,2026-09-21,6.0833,,
2017-07,2026-09-21,5.8917,,
2017-08,2026-09-21,5.8167,,
2017-09,2026-09-21,5.725,,
2017-10,2026-09-21,5.7917,,
2017-11,2026-09-21,5.8667,,
2017-12,2026-09-21,6.1917,,
2018-01,2026-09-21,6.2417,,
2018-02,2026-09-21,6.075,,
2018-03,2026-09-21,6.3417,,
2018-04,2026-09-21,5.8083,,
2018-05,2026-09-21,5.75,,
2018-06,2026-09-21,5.725,,
2018-07,2026-09-21,5.8667,,
2018-08,2026-09-21,6.025,,
2018-09,2026-09-21,6.0083,,
2018-10,2026-09-21,6.2667,,
2018-11,2026-09-21,5.6583,,
2018-12,2026-09-21,5.6,,
2019-01,2026-09-21,5.675,,
2019-02,2026-09-21,5.875,,
2019-03,2026-09-21,6.2333,,
2019-04,2026-09-21,6.925,,
2019-05,2026-09-21,7.1667,,
2019-06,2026-09-21,7.0583,,
2019-07,2026-09-21,6.8417,,
2019-08,2026-09-21,6.8667,,
2019-09,2026-09-21,7.1,,
2019-10,2026-09-21,6.7833,,
2019-11,2026-09-21,6.7167,,
2019-12,2026-09-21,6.375,,
2020-01,2026-09-21,6.225,,
2020-02,2026-09-21,6.1917,,
2020-03,2026-09-21,5.5167,,
2020-04,2026-09-21,7.3167,,
2020-05,2026-09-21,9.2333,,
2020-06,2026-09-21,12.1833,,
2020-07,2026-09-21,14.5833,,
2020-08,2026-09-21,15.6667,,
2020-09,2026-09-21,17.0417,,
2020-10,2026-09-21,18.1167,,
2020-11,2026-09-21,19.6,,
2020-12,2026-09-21,20.3833,,
2021-01,2026-09-21,21.6583,,
2021-02,2026-09-21,22.8083,,
2021-03,2026-09-21,24.2333,,
2021-04,2026-09-21,22.8167,,
2021-05,2026-09-21,21.1833,,
2021-06,2026-09-21,19.2667,,
2021-07,2026-09-21,17.4,,
2021-08,2026-09-21,16.3417,,
2021-09,2026-09-21,15.0917,,
2021-10,2026-09-21,14.2833,,
2021-11,2026-09-21,13.2417,,
2021-12,2026-09-21,12.7167,,
2022-01,2026-09-21,11.6167,,
2022-02,2026-09-21,10.625,,
2022-03,2026-09-21,9.5583,,
2022-04,2026-09-21,8.75,,
2022-05,2026-09-21,8.0917,,
2022-06,2026-09-21,7.0667,,
2022-07,2026-09-21,6.625,,
2022-08,2026-09-21,6.4583,,
2022-09,2026-09-21,6.2,,
2022-10,2026-09-21,6.2417,,
2022-11,2026-09-21,5.875,,
2022-12,2026-09-21,5.7917,,
2023-01,2026-09-21,6.225,,
2023-02,2026-09-21,6.025,,
2023-03,2026-09-21,6.05,,
2023-04,2026-09-21,5.725,,
2023-05,2026-09-21,5.75,,
2023-06,2026-09-21,6.1083,,
2023-07,2026-09-21,5.825,,
2023-08,2026-09-21,5.9167,,
2023-09,2026-09-21,5.8333,,
2023-10,2026-09-21,5.225,,
2023-11,2026-09-21,5.2167,,
2023-12,2026-09-21,5.075,,
2024-01,2026-09-21,4.95,,
2024-02,2026-09-21,5.425,,
2024-03,2026-09-21,5.6083,,
2024-04,2026-09-21,6.1917,,
2024-05,2026-09-21,6.7333,,
2024-06,2026-09-21,7.3583,,
2024-07,2026-09-21,8.05,,
2024-08,2026-09-21,8.5417,,
2024-09,2026-09-21,8.6333,,
2024-10,2026-09-21,8.8667,,
2024-11,2026-09-21,9.0667,,
2024-12,2026-09-21,9.7583,,
2025-01,2026-09-21,10.0,,
2025-02,2026-09-21,10.2167,,
2025-03,2026-09-21,10.425,,
2025-04,2026-09-21,10.8333,,
2025-05,2026-09-21,10.9167,,
2025-06,2026-09-21,9.9,,
2025-07,2026-09-21,9.475,,
2025-08,2026-09-21,9.3417,,
2025-09,2026-09-21,9.8167,,
2025-11,2026-09-21,10.2273,,
2025-12,2026-09-21,9.7364,,
2026-01,2026-09-21,9.7182,,
2026-02,2026-09-21,9.3909,,
2026-03,2026-09-21,8.5727,,
2026-04,2026-09-21,7.7727,,
2026-05,2026-09-21,7.0818,,
2026-06,2026-09-21,7.2636,,
2026-07,2026-09-21,7.3818,,
2026-08,2026-09-21,7.1818,,
