edition,method,measure,period,value,unit,geography,source_vintage,preliminary,source,source_url,locator,attribution,transformation
2026-10-03,comparison-1,permitted_location_shoot_days,2019Q1,8843.0,shoot days,Greater Los Angeles jurisdictions served by FilmLA,2026-09-21,False,FilmLA,https://filmla.com/wp-content/uploads/FilmLA-research-Q4-YTD-2025-report.pdf#page=9,"PDF page 9, Annual Shoot Days Totals, 2019 column, Q1 row",Source: FilmLA,"Reported total shoot days, unchanged. Q2 2026 is carried as preliminary because the local feed uses the web update."
2026-10-03,comparison-1,permitted_location_shoot_days,2019Q2,8632.0,shoot days,Greater Los Angeles jurisdictions served by FilmLA,2026-09-21,False,FilmLA,https://filmla.com/wp-content/uploads/FilmLA-research-Q4-YTD-2025-report.pdf#page=9,"PDF page 9, Annual Shoot Days Totals, 2019 column, Q2 row",Source: FilmLA,"Reported total shoot days, unchanged. Q2 2026 is carried as preliminary because the local feed uses the web update."
2026-10-03,comparison-1,permitted_location_shoot_days,2019Q3,9226.0,shoot days,Greater Los Angeles jurisdictions served by FilmLA,2026-09-21,False,FilmLA,https://filmla.com/wp-content/uploads/FilmLA-research-Q4-YTD-2025-report.pdf#page=9,"PDF page 9, Annual Shoot Days Totals, 2019 column, Q3 row",Source: FilmLA,"Reported total shoot days, unchanged. Q2 2026 is carried as preliminary because the local feed uses the web update."
2026-10-03,comparison-1,permitted_location_shoot_days,2019Q4,9839.0,shoot days,Greater Los Angeles jurisdictions served by FilmLA,2026-09-21,False,FilmLA,https://filmla.com/wp-content/uploads/FilmLA-research-Q4-YTD-2025-report.pdf#page=9,"PDF page 9, Annual Shoot Days Totals, 2019 column, Q4 row",Source: FilmLA,"Reported total shoot days, unchanged. Q2 2026 is carried as preliminary because the local feed uses the web update."
2026-10-03,comparison-1,permitted_location_shoot_days,2020Q1,7252.0,shoot days,Greater Los Angeles jurisdictions served by FilmLA,2026-09-21,False,FilmLA,https://filmla.com/wp-content/uploads/FilmLA-research-Q4-YTD-2025-report.pdf#page=9,"PDF page 9, Annual Shoot Days Totals, 2020 column, Q1 row",Source: FilmLA,"Reported total shoot days, unchanged. Q2 2026 is carried as preliminary because the local feed uses the web update."
2026-10-03,comparison-1,permitted_location_shoot_days,2020Q2,194.0,shoot days,Greater Los Angeles jurisdictions served by FilmLA,2026-09-21,False,FilmLA,https://filmla.com/wp-content/uploads/FilmLA-research-Q4-YTD-2025-report.pdf#page=9,"PDF page 9, Annual Shoot Days Totals, 2020 column, Q2 row",Source: FilmLA,"Reported total shoot days, unchanged. Q2 2026 is carried as preliminary because the local feed uses the web update."
2026-10-03,comparison-1,permitted_location_shoot_days,2020Q3,4199.0,shoot days,Greater Los Angeles jurisdictions served by FilmLA,2026-09-21,False,FilmLA,https://filmla.com/wp-content/uploads/FilmLA-research-Q4-YTD-2025-report.pdf#page=9,"PDF page 9, Annual Shoot Days Totals, 2020 column, Q3 row",Source: FilmLA,"Reported total shoot days, unchanged. Q2 2026 is carried as preliminary because the local feed uses the web update."
2026-10-03,comparison-1,permitted_location_shoot_days,2020Q4,7348.0,shoot days,Greater Los Angeles jurisdictions served by FilmLA,2026-09-21,False,FilmLA,https://filmla.com/wp-content/uploads/FilmLA-research-Q4-YTD-2025-report.pdf#page=9,"PDF page 9, Annual Shoot Days Totals, 2020 column, Q4 row",Source: FilmLA,"Reported total shoot days, unchanged. Q2 2026 is carried as preliminary because the local feed uses the web update."
2026-10-03,comparison-1,permitted_location_shoot_days,2021Q1,7011.0,shoot days,Greater Los Angeles jurisdictions served by FilmLA,2026-09-21,False,FilmLA,https://filmla.com/wp-content/uploads/FilmLA-research-Q4-YTD-2025-report.pdf#page=9,"PDF page 9, Annual Shoot Days Totals, 2021 column, Q1 row",Source: FilmLA,"Reported total shoot days, unchanged. Q2 2026 is carried as preliminary because the local feed uses the web update."
2026-10-03,comparison-1,permitted_location_shoot_days,2021Q2,9791.0,shoot days,Greater Los Angeles jurisdictions served by FilmLA,2026-09-21,False,FilmLA,https://filmla.com/wp-content/uploads/FilmLA-research-Q4-YTD-2025-report.pdf#page=9,"PDF page 9, Annual Shoot Days Totals, 2021 column, Q2 row",Source: FilmLA,"Reported total shoot days, unchanged. Q2 2026 is carried as preliminary because the local feed uses the web update."
2026-10-03,comparison-1,permitted_location_shoot_days,2021Q3,10127.0,shoot days,Greater Los Angeles jurisdictions served by FilmLA,2026-09-21,False,FilmLA,https://filmla.com/wp-content/uploads/FilmLA-research-Q4-YTD-2025-report.pdf#page=9,"PDF page 9, Annual Shoot Days Totals, 2021 column, Q3 row",Source: FilmLA,"Reported total shoot days, unchanged. Q2 2026 is carried as preliminary because the local feed uses the web update."
2026-10-03,comparison-1,permitted_location_shoot_days,2021Q4,10780.0,shoot days,Greater Los Angeles jurisdictions served by FilmLA,2026-09-21,False,FilmLA,https://filmla.com/wp-content/uploads/FilmLA-research-Q4-YTD-2025-report.pdf#page=9,"PDF page 9, Annual Shoot Days Totals, 2021 column, Q4 row",Source: FilmLA,"Reported total shoot days, unchanged. Q2 2026 is carried as preliminary because the local feed uses the web update."
2026-10-03,comparison-1,permitted_location_shoot_days,2022Q1,9832.0,shoot days,Greater Los Angeles jurisdictions served by FilmLA,2026-09-21,False,FilmLA,https://filmla.com/wp-content/uploads/FilmLA-research-Q4-YTD-2025-report.pdf#page=9,"PDF page 9, Annual Shoot Days Totals, 2022 column, Q1 row",Source: FilmLA,"Reported total shoot days, unchanged. Q2 2026 is carried as preliminary because the local feed uses the web update."
2026-10-03,comparison-1,permitted_location_shoot_days,2022Q2,9220.0,shoot days,Greater Los Angeles jurisdictions served by FilmLA,2026-09-21,False,FilmLA,https://filmla.com/wp-content/uploads/FilmLA-research-Q4-YTD-2025-report.pdf#page=9,"PDF page 9, Annual Shoot Days Totals, 2022 column, Q2 row",Source: FilmLA,"Reported total shoot days, unchanged. Q2 2026 is carried as preliminary because the local feed uses the web update."
2026-10-03,comparison-1,permitted_location_shoot_days,2022Q3,9066.0,shoot days,Greater Los Angeles jurisdictions served by FilmLA,2026-09-21,False,FilmLA,https://filmla.com/wp-content/uploads/FilmLA-research-Q4-YTD-2025-report.pdf#page=9,"PDF page 9, Annual Shoot Days Totals, 2022 column, Q3 row",Source: FilmLA,"Reported total shoot days, unchanged. Q2 2026 is carried as preliminary because the local feed uses the web update."
2026-10-03,comparison-1,permitted_location_shoot_days,2022Q4,8674.0,shoot days,Greater Los Angeles jurisdictions served by FilmLA,2026-09-21,False,FilmLA,https://filmla.com/wp-content/uploads/FilmLA-research-Q4-YTD-2025-report.pdf#page=9,"PDF page 9, Annual Shoot Days Totals, 2022 column, Q4 row",Source: FilmLA,"Reported total shoot days, unchanged. Q2 2026 is carried as preliminary because the local feed uses the web update."
2026-10-03,comparison-1,permitted_location_shoot_days,2023Q1,7476.0,shoot days,Greater Los Angeles jurisdictions served by FilmLA,2026-09-21,False,FilmLA,https://filmla.com/wp-content/uploads/FilmLA-research-Q4-YTD-2025-report.pdf#page=9,"PDF page 9, Annual Shoot Days Totals, 2023 column, Q1 row",Source: FilmLA,"Reported total shoot days, unchanged. Q2 2026 is carried as preliminary because the local feed uses the web update."
2026-10-03,comparison-1,permitted_location_shoot_days,2023Q2,6566.0,shoot days,Greater Los Angeles jurisdictions served by FilmLA,2026-09-21,False,FilmLA,https://filmla.com/wp-content/uploads/FilmLA-research-Q4-YTD-2025-report.pdf#page=9,"PDF page 9, Annual Shoot Days Totals, 2023 column, Q2 row",Source: FilmLA,"Reported total shoot days, unchanged. Q2 2026 is carried as preliminary because the local feed uses the web update."
2026-10-03,comparison-1,permitted_location_shoot_days,2023Q3,5311.0,shoot days,Greater Los Angeles jurisdictions served by FilmLA,2026-09-21,False,FilmLA,https://filmla.com/wp-content/uploads/FilmLA-research-Q4-YTD-2025-report.pdf#page=9,"PDF page 9, Annual Shoot Days Totals, 2023 column, Q3 row",Source: FilmLA,"Reported total shoot days, unchanged. Q2 2026 is carried as preliminary because the local feed uses the web update."
2026-10-03,comparison-1,permitted_location_shoot_days,2023Q4,5520.0,shoot days,Greater Los Angeles jurisdictions served by FilmLA,2026-09-21,False,FilmLA,https://filmla.com/wp-content/uploads/FilmLA-research-Q4-YTD-2025-report.pdf#page=9,"PDF page 9, Annual Shoot Days Totals, 2023 column, Q4 row",Source: FilmLA,"Reported total shoot days, unchanged. Q2 2026 is carried as preliminary because the local feed uses the web update."
2026-10-03,comparison-1,permitted_location_shoot_days,2024Q1,6823.0,shoot days,Greater Los Angeles jurisdictions served by FilmLA,2026-09-21,False,FilmLA,https://filmla.com/wp-content/uploads/FilmLA-research-Q4-YTD-2025-report.pdf#page=9,"PDF page 9, Annual Shoot Days Totals, 2024 column, Q1 row",Source: FilmLA,"Reported total shoot days, unchanged. Q2 2026 is carried as preliminary because the local feed uses the web update."
2026-10-03,comparison-1,permitted_location_shoot_days,2024Q2,5749.0,shoot days,Greater Los Angeles jurisdictions served by FilmLA,2026-09-21,False,FilmLA,https://filmla.com/wp-content/uploads/FilmLA-research-Q4-YTD-2025-report.pdf#page=9,"PDF page 9, Annual Shoot Days Totals, 2024 column, Q2 row",Source: FilmLA,"Reported total shoot days, unchanged. Q2 2026 is carried as preliminary because the local feed uses the web update."
2026-10-03,comparison-1,permitted_location_shoot_days,2024Q3,5048.0,shoot days,Greater Los Angeles jurisdictions served by FilmLA,2026-09-21,False,FilmLA,https://filmla.com/wp-content/uploads/FilmLA-research-Q4-YTD-2025-report.pdf#page=9,"PDF page 9, Annual Shoot Days Totals, 2024 column, Q3 row",Source: FilmLA,"Reported total shoot days, unchanged. Q2 2026 is carried as preliminary because the local feed uses the web update."
2026-10-03,comparison-1,permitted_location_shoot_days,2024Q4,5860.0,shoot days,Greater Los Angeles jurisdictions served by FilmLA,2026-09-21,False,FilmLA,https://filmla.com/wp-content/uploads/FilmLA-research-Q4-YTD-2025-report.pdf#page=9,"PDF page 9, Annual Shoot Days Totals, 2024 column, Q4 row",Source: FilmLA,"Reported total shoot days, unchanged. Q2 2026 is carried as preliminary because the local feed uses the web update."
2026-10-03,comparison-1,permitted_location_shoot_days,2025Q1,5295.0,shoot days,Greater Los Angeles jurisdictions served by FilmLA,2026-09-21,False,FilmLA,https://filmla.com/wp-content/uploads/FilmLA-research-Q4-YTD-2025-report.pdf#page=9,"PDF page 9, Annual Shoot Days Totals, 2025 column, Q1 row",Source: FilmLA,"Reported total shoot days, unchanged. Q2 2026 is carried as preliminary because the local feed uses the web update."
2026-10-03,comparison-1,permitted_location_shoot_days,2025Q2,5394.0,shoot days,Greater Los Angeles jurisdictions served by FilmLA,2026-09-21,False,FilmLA,https://filmla.com/wp-content/uploads/FilmLA-research-Q4-YTD-2025-report.pdf#page=9,"PDF page 9, Annual Shoot Days Totals, 2025 column, Q2 row",Source: FilmLA,"Reported total shoot days, unchanged. Q2 2026 is carried as preliminary because the local feed uses the web update."
2026-10-03,comparison-1,permitted_location_shoot_days,2025Q3,4380.0,shoot days,Greater Los Angeles jurisdictions served by FilmLA,2026-09-21,False,FilmLA,https://filmla.com/wp-content/uploads/FilmLA-research-Q4-YTD-2025-report.pdf#page=9,"PDF page 9, Annual Shoot Days Totals, 2025 column, Q3 row",Source: FilmLA,"Reported total shoot days, unchanged. Q2 2026 is carried as preliminary because the local feed uses the web update."
2026-10-03,comparison-1,permitted_location_shoot_days,2025Q4,4625.0,shoot days,Greater Los Angeles jurisdictions served by FilmLA,2026-09-21,False,FilmLA,https://filmla.com/wp-content/uploads/FilmLA-research-Q4-YTD-2025-report.pdf#page=9,"PDF page 9, Annual Shoot Days Totals, 2025 column, Q4 row",Source: FilmLA,"Reported total shoot days, unchanged. Q2 2026 is carried as preliminary because the local feed uses the web update."
2026-10-03,comparison-1,permitted_location_shoot_days,2026Q1,5121.0,shoot days,Greater Los Angeles jurisdictions served by FilmLA,2026-09-21,False,FilmLA,https://filmla.com/wp-content/uploads/FilmLA-News-Release_4.28.26-ResearchUpdate-q1-2026.pdf#page=1,"PDF page 1, opening paragraph, total Shoot Days",Source: FilmLA,"Reported total shoot days, unchanged. Q2 2026 is carried as preliminary because the local feed uses the web update."
2026-10-03,comparison-1,permitted_location_shoot_days,2026Q2,4711.0,shoot days,Greater Los Angeles jurisdictions served by FilmLA,2026-09-21,True,FilmLA,https://filmla.com/california-film-tax-incentives-continue-to-create-job-opportunities-in-scripted-production/,"Research update body, overall on-location Shoot Days for April–June 2026",Source: FilmLA,"Reported total shoot days, unchanged. Q2 2026 is carried as preliminary because the local feed uses the web update."
